<?xml version="1.0" encoding="UTF-8"?>
<GenRun Id="video_clock_gen_synth_1" LaunchPart="xc7z020clg400-1" LaunchTime="1572727023">
  <File Type="PA-TCL" Name="video_clock_gen.tcl"/>
  <File Type="REPORTS-TCL" Name="video_clock_gen_reports.tcl"/>
  <File Type="RDS-RDS" Name="video_clock_gen.vds"/>
  <File Type="RDS-UTIL" Name="video_clock_gen_utilization_synth.rpt"/>
  <File Type="RDS-UTIL-PB" Name="video_clock_gen_utilization_synth.pb"/>
  <File Type="RDS-DCP" Name="video_clock_gen.dcp"/>
  <FileSet Name="sources" Type="BlockSrcs" RelSrcDir="$PSRCDIR/video_clock_gen">
    <File Path="$PPRDIR/../src/ip/video_clock_gen/video_clock_gen.xci">
      <FileInfo>
        <Attr Name="UsedIn" Val="synthesis"/>
        <Attr Name="UsedIn" Val="implementation"/>
        <Attr Name="UsedIn" Val="simulation"/>
      </FileInfo>
    </File>
    <Config>
      <Option Name="TopModule" Val="video_clock_gen"/>
      <Option Name="UseBlackboxStub" Val="1"/>
    </Config>
  </FileSet>
  <FileSet Name="constrs_in" Type="BlockSrcs" RelSrcDir="$PSRCDIR/video_clock_gen">
    <File Path="$PPRDIR/../src/ip/video_clock_gen/video_clock_gen.xci">
      <FileInfo>
        <Attr Name="UsedIn" Val="synthesis"/>
        <Attr Name="UsedIn" Val="implementation"/>
        <Attr Name="UsedIn" Val="simulation"/>
      </FileInfo>
    </File>
    <Config>
      <Option Name="TopModule" Val="video_clock_gen"/>
      <Option Name="UseBlackboxStub" Val="1"/>
    </Config>
  </FileSet>
  <FileSet Name="utils" Type="Utils" RelSrcDir="$PSRCDIR/utils_1">
    <Filter Type="Utils"/>
    <Config>
      <Option Name="TopAutoSet" Val="TRUE"/>
    </Config>
  </FileSet>
  <Strategy Version="1" Minor="2">
    <StratHandle Name="Vivado Synthesis Defaults" Flow="Vivado Synthesis 2018"/>
    <Step Id="synth_design"/>
  </Strategy>
</GenRun>
